　Spider-Man: No Way Home,magnet:?xt=urn:btih:a3e2204195d62cac648db9faa7b56952f41982ad&dn=[电影天堂www.dytt89.com]蜘蛛侠：英雄无归-2021_蓝光中英双字.mp4&tr=http://t.t789.me:2710/announce&tr=http://t.t789.co:2710/announce&tr=http://t.t789.vip:2710/announce
　G�L暴,magnet:?xt=urn:btih:3eecff859929a7a8993f31f2b733a2c30cf9b685&dn=[电影天堂www.dytt89.com]反贪风暴5：最终章-2021_HD国粤双语中字.mp4&tr=http://t.t789.me:2710/announce&tr=http://t.t789.co:2710/announce&tr=http://t.t789.vip:2710/announce
　The King&#39;s Man,magnet:?xt=urn:btih:3617dce681ac1cb876ed3035c7469a04b1412173&dn=[电影天堂www.dytt89.com]王牌特工：源起-2021_蓝光特效中英双字.mp4&tr=http://t.t789.me:2710/announce&tr=http://t.t789.co:2710/announce&tr=http://t.t789.vip:2710/announce
　穿过寒冬拥抱你,magnet:?xt=urn:btih:3cf8e705c73844f2531cc33fa3186ab03d38113a&dn=[电影天堂www.dytt89.com]穿过寒冬拥抱你-2021_HD国语中字.mp4&tr=http://t.t789.me:2710/announce&tr=http://t.t789.co:2710/announce&tr=http://t.t789.vip:2710/announce
　雄狮少年,magnet:?xt=urn:btih:fd27b009424a20aec93312d4822de0bdc9434550&dn=[电影天堂www.dytt89.com]雄狮少年-2021_HD国粤双语中字.mp4&tr=http://t.t789.me:2710/announce&tr=http://t.t789.co:2710/announce&tr=http://t.t789.vip:2710/announce
　误杀2,magnet:?xt=urn:btih:5d71492d91b544db9411eae4852d5c035fbc1de7&dn=[电影天堂www.dytt89.com]误杀2-2021_4K国语中字.mp4&tr=http://t.t789.me:2710/announce&tr=http://t.t789.co:2710/announce&tr=http://t.t789.vip:2710/announce
　李茂扮太子,magnet:?xt=urn:btih:f7a706fb54e5b943d624032f4b6073a42edb04d1&dn=[电影天堂www.dytt89.com]李茂扮太子-2022_HD国语中字.mp4&tr=http://t.t789.me:2710/announce&tr=http://t.t789.co:2710/announce&tr=http://t.t789.vip:2710/announce
　长津湖,magnet:?xt=urn:btih:4f78bc55dcf229507a3a953228f667e240ac18fc&dn=[电影天堂www.dytt89.com]长津湖-2021_蓝光国语中字.mp4&tr=http://t.t789.me:2710/announce&tr=http://t.t789.co:2710/announce&tr=http://t.t789.vip:2710/announce
　扬名立万,magnet:?xt=urn:btih:ae1a9d16ade67b2b2ddccac7304991a8cce4f9a3&dn=[电影天堂www.dytt89.com]扬名立万-2021_HD国语中字.mp4&tr=http://t.t789.me:2710/announce&tr=http://t.t789.co:2710/announce&tr=http://t.t789.vip:2710/announce
　Eternals,magnet:?xt=urn:btih:31ef0f28382faa44ad22e4daa006a2425dd1a0da&dn=[电影天堂www.dytt89.com]永恒族-2021_蓝光中英双字.mp4&tr=http://t.t789.me:2710/announce&tr=http://t.t789.co:2710/announce&tr=http://t.t789.vip:2710/announce
　Bloodshot,magnet:?xt=urn:btih:46645bd469e728977aa1d99b69a00e4b07f3aafa&dn=[电影天堂www.dytt89.com]喋血战士-2020_蓝光国英双语中英双字.mp4&tr=http://t.t789.me:2710/announce&tr=http://t.t789.co:2710/announce&tr=http://t.t789.vip:2710/announce
　F9: The Fast Saga,magnet:?xt=urn:btih:47539b9ea55d227ed2696bbaf45b9f8186333bca&dn=[电影天堂www.dytt89.com]速度与激情9-2021_蓝光国英双语中英双字.mp4&tr=http://t.t789.me:2710/announce&tr=http://t.t789.co:2710/announce&tr=http://t.t789.vip:2710/announce
　爱情神话,magnet:?xt=urn:btih:a71ad142a290f83855009b4436dc303f8a4d531e&dn=[电影天堂www.dytt89.com]爱情神话-2021_HD国语中字.mp4&tr=http://t.t789.me:2710/announce&tr=http://t.t789.co:2710/announce&tr=http://t.t789.vip:2710/announce
　我和我的父辈,magnet:?xt=urn:btih:37d90a81ce1a696c234090554bd3da7331d6046f&dn=[电影天堂www.dytt89.com]我和我的父辈-2021_HD国语中字.mp4&tr=http://t.t789.me:2710/announce&tr=http://t.t789.co:2710/announce&tr=http://t.t789.vip:2710/announce
　Tenet,magnet:?xt=urn:btih:46cb423948c25a3256532c435ad4649d86fee51d&dn=[电影天堂www.dytt89.com]信条-2020_蓝光特效中英双字.mp4&tr=http://t.t789.me:2710/announce&tr=http://t.t789.co:2710/announce&tr=http://t.t789.vip:2710/announce
