元语义科技（BAT大厂）,软件开发电商医疗酒店直播教育工业,北京,¥6999
威之德信息-百人团队国家高企,商城小程序开发成品源码模板点餐公众号saas分销积分商城定制,北京,¥1800
小火软件-国家高新技术企业,系统开发商城电商同城外卖团购分销点餐系统saas开发,北京,¥3688
小当家ISV,APP定制开发|会员管理|多用户商城|直播交互|交易支付,北京,¥12800
千界科技-国家高企双软企业,支付宝微信公众号小程序商城H5python开发定制作,北京,¥1588
皮皮虾科技★十年经验,微信PYTHON商城saas前端小程序H5小游戏后端定制开发,北京,¥999
猫灵网络-国家高企双软挂牌企业,小程序电商系统开发（微信支付宝抖音百度H5公众号商城,北京,¥1000
杰里科技-名企服务商,微信小程序开发saas定制设计php公众号H5盲盒交友算法c,北京,¥4200
捷逆思科技,定制开发公司电脑计算机管理软件APP小程序物联网saas系统,北京,¥1200
数字引擎-为创业者而生,微信抖音支付宝saas模板小程序成品分销商城h5源码定制开发,北京,¥1980
文纳网络科技,企业模板网站制作/公司官网saas建站/网站建设/网页设计,北京,¥898
轻妙视觉,软件UI界面web管理系统saas平台后台客户端终端页面设计,北京,¥500
百荣科技-国家高新企业,仓储物流软件出入库数据库IT开发定制saas企业管理系统平台,北京,¥4098
潮瑞科技|9年诚信老店,OA进销存Crm项目管理Erp系统saas软件开发SAP定制,北京,¥2890
北京众立信科技有限公司,北京软件开发系统开发大型连锁超市saas软件管理系统,北京,¥2988
皮皮虾科技★十年经验,微信PYTHON商城saas前端小程序H5小游戏后端定制开发,北京,¥999
轻妙视觉,前端html代码切图页面开发软件大屏硬件触摸屏展示,北京,¥500
数字引擎-为创业者而生,微信抖音支付宝saas模板小程序成品分销商城h5源码定制开发,北京,¥1980
千界科技-国家高企双软企业,支付宝微信公众号小程序商城H5python开发定制作,北京,¥1588
咚乐网络-国家高新企业-十年实体经验,微信开发公众号平台前端H5分销商城官网软件定制开发,北京,¥2000
北号山科技,软件开发定制/APP/小程序/ERP/HR系统/saas系统,北京,¥5980
杰里科技-名企服务商,微信小程序开发saas定制设计php公众号H5盲盒交友算法c,北京,¥4200
文纳网络科技,企业模板网站制作/公司官网saas建站/网站建设/网页设计,北京,¥898
威之德信息-百人团队国家高企,软件开发企业管理软件saas工具软件考勤财务系统数字藏品,北京,¥3600
猫灵网络-国家高企双软挂牌企业,小程序电商系统开发（微信支付宝抖音百度H5公众号商城,北京,¥1000
捷逆思科技,定制开发公司电脑计算机管理软件APP小程序物联网saas系统,北京,¥1200
中科大重点孵化企业-海拔网络,外卖支付宝移动应用UI设计可视化小程序软件数据库saas设计,北京,¥1899
友软网络科技有限公司,"系统开发saas,OA,CRM,嵌入式开发数据库后台管理系统",北京,¥800
西安派神网络科技有限公司,企业管理、行业软件、saas一站式定制开发,北京,¥20000
天迅达科技-国家高新技术企业,软件开发工具企业管理软件开发行业应用saas软件OA/CRM,北京,¥3800
元语义科技（BAT大厂）,软件开发/后端开发/小程序开发/java开发/saas平台,北京,¥6099
禾马UI,软件界面UI网页OA办公智能监测统计系统后台管理设计,北京,¥250
深圳优形科技,java服务工具python数据分析处理saas系统软件开发,北京,¥39999
杉林创投,金融保险理财基金行业数据中台saas平台商业计划书写作撰写,北京,¥1000
千红视觉,系统界面软件ui后台管理网页设计saas设计erp设计网站,北京,¥380
码泰软件-国家高新企业,营销型网站建设开发定制电商响应式手机企业saas网页UI设计,北京,¥2980
群思网络旗舰店,微信抖音支付宝saas模板小程序成品开发分销商城设计h5源码,北京,¥3680
创威科技—国家高新技术企业,仓储物流软件出入库数据库IT开发定制saas企业管理系统平台,北京,¥300
完梦科技-国家高新双软企业软件开发商,仓储物流软件出入库数据库IT开发定制saas企业管理系统平台,北京,¥1000
森柠科技-国家高企双软认证,支付宝微信公众号小程序商城H5python开发定制作,北京,¥899
智顺科技-国家高新技术企业,企业微信开发-办公小程序教育家校通企微管家saas应用政务,北京,¥3000
掌沃科技有限公司,微信小程序商城带分销系统成品saas软件包安装支持二次开发,北京,¥1200
新网科技-全国十佳开发商,物业贝贝app互联网物业app智慧社区saas平台物业服务,北京,¥6000
山东中创智达网络科技有限公司,支付宝微信小程序商城H5python开发定制作,北京,¥1100
捷径科技-国家高新技术企业,政府|集团*系统|*时时监控|saas*系统开发,北京,¥68888
"海腾网络【始于2006年,16年专业开发经验】",CRM系统/销售客户管理软件/saas/定制开发/办公管理,北京,¥1000
一熊科技-20人开发团队10年经验,小程序开发生鲜团购公共服务APP开发网站建设手机网站,北京,¥2000
骊光网络科技,CRM|OA|saas会员管理系统|进库存系统|定制餐饮开发,北京,¥1000
上海闻峥-国家高新企业-八戒优质服务商5强,IT解决方案CRM后台管理系统软件开发ERP开发saas系统,北京,¥10000
坤创科技-致力于为企业提供优质移动互联网解决方案,系统|CRM系统|微信开发|微信公众平台开发|分销,北京,¥1000
界民科技-国家高企双软企业,CRM|OA|saas会员管理系统|定制餐饮开发|进库存系统,北京,¥3000
云淞网络,微电商|微信开发|saas|微信|微信公众号|微信商城|分销,北京,¥2000
悦商东方-国家高新企业,工具软件企业管理成品软件行业应用软件区域链应用saas切入式,北京,¥12000
讯资软件-50人技术团队8年经验南部大区行业之星,企业办公OA系统/ERP系统/软件/saas/erp企业管理,北京,¥5000
广州秒知科技,网站定制开发|电子商务平台开发|语音群呼软件|saas软件,北京,¥1599
擎安科技,仓储物流软件出入库数据库IT开发定制saas企业管理系统平台,北京,¥999
简策科技,支付宝微信公众号小程序商城H5python开发定制作,北京,¥1200
艾瑞思网络,支付宝微信公众号小程序商城H5python民营医院,北京,¥998
七页科技,平台丨saas管理系统开发丨商城小程序定制开发设计,北京,¥4500
由你创-年度十佳服务之星（双软认证）,【软件开发】企业客户订单资源管理后台|saas平台系统定制,北京,¥19999
赵小马网络科技,电视显示屏界面建材酒店行业电视白版业erp管理saas界面,北京,¥1999
至信网络科技,进库存系统餐饮CRM|OA|saas会员管理系统软件定制开发,北京,¥1000
禾高网络科技旗舰,教育医疗电商物流社交外卖招工招聘票务订单saas系统定制开发,北京,¥2999
名锐讯动-500强合作商,企业管理系统办公软件仓库管理ERP系统saas系统开发,北京,¥5000
慧族网络科技-高科技企业,小程序开发健身分享装备商城退房saas区块猫微信酷,北京,¥1000
麦秸映像IT开发-微信/小程序/app,微信小程序公众号智慧校园钉钉网站定制开发/电商小程序,北京,¥1000
神州网络旗舰店,软件开发OA系统CRM客户管理系统ERP系统saas软件平台,北京,¥9800
天一网络技术,管理软件界面区块链ui进销存saas界面ERP设计办公ui,北京,¥420
专业软件定制开发拉利法科技,物业贝贝app互联网物业app智慧社区saas平台物业服务,北京,¥10000
北京明创12年老店高新企业,CRM|OA|saas会员管理系统|进库存系统|定制餐饮开发,北京,¥45000
骐翔网络10年老店,区块链开发物联网saas软件模板响应式网站,北京,¥1688
中达科技—国家高新技术企业,小程序开发互联网学校公众号定制设计开saas微网站微信,北京,¥3000
行家定制设计,服装电子医院通讯家居erp管理saas后台系统ui界面设计,北京,¥598
